userId,sessionId,timestamp
1,N2EzZmE2MTUtMDJhMy00NGUzLWJjYzEtYWUyYzU2ZjRiZGNj,2025-04-23T12:38:46.069099
1914901129041829889,OTc3ZjdlODItNTBmNC00MWJjLWFkYzUtZWMzNDZlZjBkYjZm,2025-04-23T12:38:46.228255
1914901130342064130,MWIxNGFhNzYtNDgyOC00MGFjLTkwZDAtMThkNzdkNmIwOTQ0,2025-04-23T12:38:46.387070
1914901130371424258,NWEyOGI4YzctNjAzYy00OTkwLTliYWItOTAzOTE2NmU1YWY5,2025-04-23T12:38:46.556635
1914901130409172994,Yzk3MDkxN2QtOTM1ZS00ZDI5LThmMjctOWM0YTEyMmVkYzA2,2025-04-23T12:38:46.724200
1914901130438533122,NjUyODVmNTktZjQ2Ni00ZDIwLWJjZjEtZGJhMDNjNTg0Yzg1,2025-04-23T12:38:46.872895
1914901130467893250,YTBkY2Y3MGYtYWU3ZC00NzVhLWE0ZWItNjMzMWE4MjA1ZGQ5,2025-04-23T12:38:47.025789
1914901130484670465,MWJiYTM3NjUtYTY4Ny00NmJkLWFkOTgtN2U3ZDAxYjA2MjYx,2025-04-23T12:38:47.174796
1914901130501447682,NTdhMzhjM2QtYTNkOS00MTJhLWI2OWUtZDlmYTY2NGZkYTg2,2025-04-23T12:38:47.323510
1914901130514030594,MmRkZjlkMjEtZjk1Ny00MGU4LWJhMTMtYWViOTJlNzU1ZTI5,2025-04-23T12:38:47.476300
1914901130526613505,ZTc4NjBkYmUtYzRiMS00OWM4LWE4ZGEtMWJhODYyYzk4NDI5,2025-04-23T12:38:47.632780
1914901130551779329,YzA4MjM0ZTYtYWMzMy00OTNmLWJlN2QtMDM4ZmM1ZjdkNjBk,2025-04-23T12:38:47.785837
1914901130568556546,NjQ1MjAwN2QtMTFkMy00MjZlLThiNTUtNzkyYzUyZWEyNWNl,2025-04-23T12:38:47.951712
1914901130593722369,Nzg0MGQ2MjUtMjk4ZS00NTJmLWIwYmMtNzcyYjViMTk0Y2I2,2025-04-23T12:38:48.110872
1914901130606305281,ODNhOTJiZTktZGVlZC00MDliLWJkOTQtOGEyNjFhNjAzOTll,2025-04-23T12:38:48.271213
1914901130618888194,MTA0MzkzNjMtOTQyOS00OGVjLWJlZDctYzM1Y2VlZGI0YzVi,2025-04-23T12:38:48.430835
1914901130635665410,MDkxMWQ0MDMtYTNhNy00MzhlLWI0NGUtYmM5Njc4NWU5ZTJh,2025-04-23T12:38:48.609607
1914901130652442625,NTM5YzRkMmEtMTc0Mi00MDMxLWJhZGEtMGQ1OGQzMTY2NTRl,2025-04-23T12:38:48.765850
1914901130665025537,NjY0NmYyNzgtYmE5Mi00YTQyLWJkYWMtNGNkMmVjYzZiYjg4,2025-04-23T12:38:48.928189
1914901130673414146,MDkxMWFkYjUtNTE5ZC00YWM3LTk1YTEtZTg5Yzk4ZDg2YTEw,2025-04-23T12:38:49.085720
1914901130685997057,NDdhNjllN2QtMTRhOS00MDE0LWE1MDAtMTRhZmU3YzNkODA5,2025-04-23T12:38:49.245755
1914901130698579970,NjE1MjExNDgtYmViZS00MjU4LTllY2QtYTAzNDQ3NzkwNWE0,2025-04-23T12:38:49.409928
1914901130706968577,Y2QyMWE3OGYtZjhmNC00ZWVkLTg3MjUtYjg5NTVmYmRhODg5,2025-04-23T12:38:49.570629
1914901130723745793,ZjRkN2I1ZmYtZGE5OS00MTk0LWI0YWEtYjdmZGM3MDQ5Njhi,2025-04-23T12:38:49.722809
1914901130727940097,NDNmOWZjZjUtMzA5ZS00YzgzLTkzOGMtZjI3OWE0YjVjNzI5,2025-04-23T12:38:49.878368
1914901130744717313,ZDE5ZjE5MzEtMTlkMi00NmZiLTg3ZTQtMzg2ZDY3YmQ5MDll,2025-04-23T12:38:50.029177
1914901130757300226,OWUxMDA2ZGYtOWVkOC00ZTM2LTllNjQtOWQzZTg0ZjllMWZj,2025-04-23T12:38:50.182622
1914901130774077442,NGY5MjNkZjUtNjY1NC00MWVkLTgzMjQtZDA3NTE3MDM5YTM0,2025-04-23T12:38:50.330204
1914901130786660353,MmZkN2M4YzQtNGQwYi00NGIxLWIyOWYtOWEzMzg5OTFjMjUz,2025-04-23T12:38:50.473345
1914901130799243266,N2VjYmI5MzQtZWU5NS00OTRlLTkyMjUtMTY4N2UwMTJjMzkz,2025-04-23T12:38:50.619971
1914901130811826178,Mjc2MmJkZmMtZmNiNS00ZGMzLWE1OTQtMTc1YTY5ZWRkYTE1,2025-04-23T12:38:50.763141
1914901130824409090,ZGQxZDQxNWQtNGFlNS00OTU3LTljOTQtZTM5MmU0ZThlNGEx,2025-04-23T12:38:50.908813
1914901130841186306,MGFmNTdiNWUtODMyZS00M2E3LWE1ODAtN2U1ZGI3MTc4MGU0,2025-04-23T12:38:51.049848
1914901130862157826,ODA3ODQzNjctYjg2OC00YTQwLWI2NWItNmZmMGQ4OGNjZmY1,2025-04-23T12:38:51.196830
1914901130874740737,OGI2NTAzZTEtZmVkYi00NDgwLThjMzUtN2Y4NWI2Mjg4OWQ4,2025-04-23T12:38:51.349005
1914901130883129345,ZjJjZGNiY2EtYzE4OC00ZGU0LTlhMTYtZjVhYTE2ZjIzMzRm,2025-04-23T12:38:51.497327
1914901130899906561,YzkzNmEzMjMtYTQ4Ni00ZmM0LWI0YWQtYzQ2ZGU5YmExM2Nm,2025-04-23T12:38:51.656418
1914901130912489473,NjMzNjc5OGItYzA2NS00NzljLWI4NzgtNmI3ODdiZjBjNDVj,2025-04-23T12:38:51.808712
1914901130925072386,NTQyYzgxMmQtMTI2OS00YWMxLWIzNDAtMTk0MDJmZTE2OWJi,2025-04-23T12:38:51.964240
1914901130937655297,ZmJkNjNlMDAtZTQwYi00Zjg0LTk2NGYtMzNhYWVlMWEwZjA4,2025-04-23T12:38:52.146090
1914901130950238209,NDU3NTI1ZmUtM2RiMC00YmNjLTkxZWMtYjM1ZWVhZTZhMDNm,2025-04-23T12:38:52.306664
1914901130962821122,YTYzODMyYWEtYmYyZC00YmQ0LWJlNjgtNmVlYTA1YmU4MjUw,2025-04-23T12:38:52.462646
1914901130975404033,MWYyOTQ2M2QtMTE5Zi00NjQzLTk1M2QtYzJiMGUxNmQ3MGNl,2025-04-23T12:38:52.624002
1914901130987986946,NWRmZDZiNWUtZTMzMS00MjkxLWE5ZTYtNjMxYWQ5OTUwODM5,2025-04-23T12:38:52.779310
1914901131000569857,YmExOGU4ZjgtYTAxOC00NjBjLWI1OTktYzk4ODc0YzBiMTIz,2025-04-23T12:38:52.933280
1914901131013152769,NGFmNjg2MzktYTBmZi00OTk2LTgyMzAtYjgwNjdlMjk5YWEw,2025-04-23T12:38:53.081019
1914901131025735682,MTFiNzY1MzktNjc3Ny00MWRkLTgwMzItYjRjYzhiMmY1Y2Ri,2025-04-23T12:38:53.236773
1914901131038318593,MmI3ZGVmNGQtZDkwOC00ZjY2LWFmNjYtM2VmZGI0ZDhlNzIx,2025-04-23T12:38:53.392779
1914901131063484417,MWVlZWZkNmEtYTJmNi00MTE3LThhNDQtNzM5Njc2YzY2NTVh,2025-04-23T12:38:53.547462
1914901131076067329,Njk2OGZmZDItNDg2Yy00MmUyLWE0NjQtODE3MzhmZjkzYzVj,2025-04-23T12:38:53.702559
1914901131092844545,Y2ZkZTI2ZTUtNzk4Zi00Y2I2LTgxNTQtNzgwNDZmM2JhNjgz,2025-04-23T12:38:53.854530
1914901131109621762,ZmZiODVmMDEtZjM5MC00MDA4LTg2NGUtZDdjMGMyNzkzZjYy,2025-04-23T12:38:54.006091
1914901131130593281,ZTNkZTZhYmQtNTZmMy00MzJjLThjYTctYWE0NjBhOWVkMmU2,2025-04-23T12:38:54.161969
1914901131147370498,OTlhNWJhNGItZjE1Mi00YTM5LWFhNjItMGE5NzA4YWRjNGM3,2025-04-23T12:38:54.315789
1914901131164147714,MTZjYTExYTEtNTZlOC00NjEwLThiMmEtNWVmODkwZTBjNDgx,2025-04-23T12:38:54.489272
1914901131176730625,OTMyNDE0YTUtMzg3ZS00MDljLWI2NzktZjVmOGY4NmVlZWQ0,2025-04-23T12:38:54.648084
1914901131189313537,OWZhZDgxNmUtNTkzMS00YTgwLTk4YjUtMmFlMWE4ZmYwNzBl,2025-04-23T12:38:54.802636
1914901131201896450,MWEzYWY3YjYtYmY1Ni00MWMxLTgwY2UtZTQ2ZWE5YjY4YTE2,2025-04-23T12:38:54.969745
1914901131218673665,NGI0YmJlZDctYzhmNi00MzExLTg1MDktZTdiYTYwODgxZDZm,2025-04-23T12:38:55.118047
1914901131235450881,Yjg4OTU1Y2QtYzlkZS00MDRlLTgyZmMtNDQzZDkyNjdjMDNi,2025-04-23T12:38:55.260798
1914901131252228097,M2ExMGFiYTctNmJjNi00YzFmLThkYmUtZWMyZjg3ZTZjMjFl,2025-04-23T12:38:55.447973
1914901131264811009,NDBmMWQ3N2EtNjQ3MC00ODEyLWFmNjUtNDY5NjEzYTdiYWJi,2025-04-23T12:38:55.621123
1914901131277393921,ODkzNzIxNTEtZDE4NC00MGM5LWE2OTYtOTQ3YWQ1ZDgxNWFh,2025-04-23T12:38:55.782227
1914901131289976834,NzRlMGMxMDQtNGIzYy00NTE2LWIwODMtOTllZTY5Y2M0Y2Vm,2025-04-23T12:38:55.938848
1914901131302559746,MjhlMzQwMTktOTgzZC00ZjQxLWEzMmUtZGIwZDU2N2EzZWRl,2025-04-23T12:38:56.092775
1914901131315142658,ODFmNmViODUtODhkZi00ZjA1LWI3NmMtNDA1YTFlNmNhMmI3,2025-04-23T12:38:56.241411
1914901131327725570,ODE3YjIxNDctNmE3Yi00ZDQ0LTgyYzktZGExYWZlMGRmODQy,2025-04-23T12:38:56.399575
1914901131344502786,YjhkNmYzMmMtMDZjNy00ZjVmLWI3NjUtMmI5MTY2YzU2YTIy,2025-04-23T12:38:56.542549
1914901131352891394,N2I2MTZiYWItN2Q0YS00MzE3LTljODQtNTFjMjcwMjYzMjAz,2025-04-23T12:38:56.684066
1914901131369668609,ODY0NGZmZjgtOWE1Yy00OTIxLTk1Y2YtZjU0OTEzOTQ5MzE2,2025-04-23T12:38:56.841619
1914901131382251521,OTE4ZjBiNWEtNjI5Yy00ZDFmLWEzMjItMGE5NjQyNmQ3NWRl,2025-04-23T12:38:56.983009
1914901131394834433,NDAwNTk3YWMtMmZlOC00NTQ1LWJmNjAtZTVjMWUxOTIxMzVj,2025-04-23T12:38:57.126799
1914901131407417346,MzQyOGE3NzUtNDlhNS00MmYyLWE2N2UtMGQ0YmNlMjJiNjFh,2025-04-23T12:38:57.272172
1914901131436777473,NGY2OGNmM2UtMjdhZS00NjcxLTkzNjYtYTdjNjEzMzI0MGE4,2025-04-23T12:38:57.412601
1914901131457748993,NmZiODI1YWItZDk5ZS00OGQ1LWI0MTgtZmUxNWRmMzZkYmZk,2025-04-23T12:38:57.547613
1914901131474526209,NzQ4NGRkOGUtMDhmNi00MWZlLTk1OWQtY2NlNzE2YTY2YmNj,2025-04-23T12:38:57.692759
1914901131482914817,YWJjMjVhOTAtYmViOC00NTY2LTk3MDgtMmE5ZmJmOGM4ZDky,2025-04-23T12:38:57.838801
1914901131499692034,YzhlMGRhNDMtYjgyMS00NjA0LTlmYzMtZjNmYTE2ZDg2NTI4,2025-04-23T12:38:57.993212
1914901131508080642,ZjQ4MDUxYWEtN2QzNC00ZGZjLThlOTQtMzlhNmZkMzgyNzli,2025-04-23T12:38:58.143416
1914901131541635074,YWE1ODI3MWMtOTI4Yy00M2Q3LThmYzAtOWU5ZDAyOGMxMDNl,2025-04-23T12:38:58.305474
1914901131554217985,Mjg1MWQ2NGItODE0Ny00OTRmLWJiOTAtMDkyZTE3NjlmOTgw,2025-04-23T12:38:58.463139
1914901131570995201,NjJkNDZjNTgtYWE5MS00MjI5LTg4ZGItZDMzZmJlNjEzYWVi,2025-04-23T12:38:58.614547
1914901131579383809,MTlmOTMwOTQtMWNmOC00YWIxLTlhNzctNGQyZmUzMzc5ZDc4,2025-04-23T12:38:58.769188
1914901131591966721,OWM3ZGE3OTUtMTM4Mi00YWI4LThkY2ItMDdjZGE3YjE0ODAz,2025-04-23T12:38:58.922583
1914901131608743937,OTM5OWM3MTctN2ZiYi00MWE1LWJkOGItMzg4NGMxNmQ2ZGRk,2025-04-23T12:38:59.078201
1914901131625521154,OTIyYmVmNTYtNmZiYy00MDdlLThmMWUtYjAzMTVmMmU3ZTMx,2025-04-23T12:38:59.248021
1914901131642298369,ZjhkYzZjNTUtZTAxOC00OTc5LThjNjktNjAzYjNjNDcyNDI2,2025-04-23T12:38:59.426318
1914901131654881282,ZGY5MTUzOGUtNGRlOS00MGY2LTk0NjAtMzI2MGJjZjM2ZTUw,2025-04-23T12:38:59.581961
1914901131671658497,MDA4YjRlMDQtNTQ1My00MmYxLWEwNzItNzdkMTEzNDViZTU3,2025-04-23T12:38:59.738744
1914901131684241410,YTEyNjk1ZjMtZjFlNS00NTc2LWExMzQtMmZlMDc2YzU3MDI2,2025-04-23T12:38:59.889288
1914901131692630018,ZjdlODc4OTQtNjhhNi00ZDFhLTk2ZjEtOTZiNGRlY2JiNDY0,2025-04-23T12:39:00.047392
1914901131709407234,YjI1NjYxZGQtNjM3MS00NTMyLWI0ZjUtYjg2ZWM5N2NiOTkz,2025-04-23T12:39:00.203179
1914901131721990145,NmQxZDFhNDctOGI0MS00YWRiLWIwYmUtZDAyNmIzMjMxMTRi,2025-04-23T12:39:00.367196
1914901131742961665,Mjk4MzYwYmItNmM5ZS00ZjBlLTllMTEtNTE0YzI2ZTZhY2E3,2025-04-23T12:39:00.520849
1914901131751350274,OTlhYjUzYWQtMjY2ZS00Y2JhLWIxOTgtYzQxOGNmYTM4YTY4,2025-04-23T12:39:00.676704
1914901131768127489,NWUwMTc1MmEtMGRmMC00MWZjLTk2NDItZTM2MmZlODI0N2Jh,2025-04-23T12:39:00.823691
1914901131780710402,NDU0M2ExMzktYWE2NC00OGFlLWIzYjktMjRhZWFkOGVmYTlj,2025-04-23T12:39:00.971061
1914901131793293314,M2ExNmQ0MTctYjhiNS00NDNmLTk0NTEtMTU2ZGE5MDFjNGJj,2025-04-23T12:39:01.121529
1914901131805876226,ZjRkY2EwNzItNjI3Ni00Nzk3LThkMjAtYTkwZmI2OTFkNzc3,2025-04-23T12:39:01.269648
1914901131818459137,ZjUyZTkzNWMtOWUxYi00Y2U0LThjOTItNWVkZTMxMzcyMjMx,2025-04-23T12:39:01.419893
1914901131835236353,MmJhM2Y4MjctM2EzYS00YjRkLWE3YzYtMjhlYTlmNGFmOGZi,2025-04-23T12:39:01.572165
1914901131852013569,ZTMwZWY3YWYtMmEyOS00MDFkLWJmY2EtMGU3MjEzMDZhZjgz,2025-04-23T12:39:01.719543
1914901131868790785,ZTUwN2Y2MTEtOWFhMy00YmU4LTllNzItZDU2NGY0NmFlYzcz,2025-04-23T12:39:01.858991
1914901131881373697,NDcxMTBhNDAtMDQ4OS00YWRmLWI1MGYtOTUzNjY1NDZjMTc1,2025-04-23T12:39:01.996902
1914901131885568001,NzBkYzI3MTgtNGJkYi00NDEwLThjYzAtMTc0YWI4YWFkNTdk,2025-04-23T12:39:02.132879
1914901131898150913,OGY4MWMwOGEtZTcxNi00YzQ3LWFkNzQtODU0NTc4YzRjNmE3,2025-04-23T12:39:02.275588
1914901131914928129,MjBmNzdkNDUtMWM1ZC00MjQ1LWFiNDgtMDFmMWI4YjA5OTI1,2025-04-23T12:39:02.416479
1914901131923316737,YTg1YjM2YjktYjljYy00NjkyLWE3OTEtYTBhZGRiMmUxNzQ1,2025-04-23T12:39:02.561104
1914901131935899650,ZDg3MTcyZmItZDQxYS00Nzc3LWI1NTMtYTZiMjdiMTdhNWJi,2025-04-23T12:39:02.708431
1914901131952676865,YzhmNjEwMTUtYmNmZi00ODkxLTk3MWUtMjJmNjFhZjBhODgw,2025-04-23T12:39:02.852596
1914901131965259777,MGE3Nzg2MTAtYjRmZi00ZGQyLTkyMzMtYjg1YTliYWUxNGMw,2025-04-23T12:39:02.997236
1914901131977842689,M2Q2MWEyZDctZTQzMi00OGYxLWEzYWYtMWZhM2RkYWIyZmRk,2025-04-23T12:39:03.155324
1914901131986231298,NGNkNzJjMjEtMmFlNC00MDA2LWFmM2QtYTY2YzljODU2M2U3,2025-04-23T12:39:03.298829
1914901132003008514,MWNlZjAyYTEtZWExYi00Y2RkLTk3YWItMmQwYTU1ZjQzZTBh,2025-04-23T12:39:03.455339
1914901132019785730,NGU4MmY5ODUtNDBlNi00ZThiLTlkNTMtNjRhNDNiNDljODE5,2025-04-23T12:39:03.604202
1914901132036562946,NmIwNjBhZTAtOGMyNy00MGFiLWEyMjctMDcxMDI0MzUwNDgx,2025-04-23T12:39:03.757314
1914901132049145858,NTc3NDMzZDMtOTVkYy00YTIxLWJhODEtY2U3YjdlZGI2NGQ5,2025-04-23T12:39:03.909834
1914901132057534465,NjVjMTg3N2ItMzJhNC00N2IzLWExMzMtNWY3ZTFiZmNkZDFk,2025-04-23T12:39:04.063750
1914901132065923073,Zjg0M2MyYzktMjU1Mi00ODNkLWI0Y2MtMTE3ZWNiYWFkNmRj,2025-04-23T12:39:04.223895
1914901132082700290,MjIxNWJlYjktYjE3OS00Y2ZlLTkwMjYtNTA4ZWFhNTcxYmVh,2025-04-23T12:39:04.381034
1914901132091088897,ZDUyNjU0Y2YtOTZhMC00NmQ4LWIyMzAtNGYyMmM4ZWYyYzc2,2025-04-23T12:39:04.532163
1914901132103671810,Yzc2Nzg5M2MtOTUyOC00YWIyLTlkYTAtNTAzMGZlOWI4ZDMw,2025-04-23T12:39:04.686852
1914901132116254722,NWI2ZThhOWMtN2IwZi00ODI3LTg4ZGItMTY1ZjRkNzAzZjM5,2025-04-23T12:39:04.840844
1914901132124643330,NTU2OTUzOGQtOGJjYi00NDg3LTgwMjEtNTU4ODAzNzFlMjE3,2025-04-23T12:39:04.994346
1914901132133031937,ZWJkYjQxODYtODYzNC00ZTgwLWE2ZTMtOWE0M2UwMTVmNTQ1,2025-04-23T12:39:05.147595
1914901132145614850,MTM0ZTM5NGYtMjMxNS00NTVkLTk4NzctMjFjMGZkMWI1YmNm,2025-04-23T12:39:05.303943
1914901132158197761,MzY2ZThjY2QtNTk2MC00YzBmLWJiNjEtNjFiOGJjZGExOGFi,2025-04-23T12:39:05.466002
1914901132170780674,YmQ2YTdjOWYtMmRjOS00NTljLTkxZDQtNTMwZjEyYjA1ZmRl,2025-04-23T12:39:05.612746
1914901132179169281,NjhmOGU0YjEtZjdkNS00ZWExLTk0MDgtY2RhOWI4NjVkNmU3,2025-04-23T12:39:05.759885
1914901132200140802,ZTE5ODVmNzItZjYyOC00ODZkLWE0ODktZTA0MGQxY2YwZWNl,2025-04-23T12:39:05.906791
1914901132216918018,NjZmZTY4MzItYzc1MC00MzMwLWFiMzktMTRhNjRhYmQwYjFl,2025-04-23T12:39:06.059116
1914901132229500930,M2ZmMTRmN2ItYTVhNy00NDhhLTg5ODUtY2NlYzcwYTdlZWQy,2025-04-23T12:39:06.217609
1914901132246278146,YzVhMmQ2M2ItMTI4MS00MDE5LWFhNTAtNmQzYzFjZjU0ZTY2,2025-04-23T12:39:06.375750
1914901132258861057,MjAwMmRiYTgtY2U2YS00ODEyLTk1ZDQtMjhjNzYxNTU1NGQ0,2025-04-23T12:39:06.530620
1914901132267249666,YWRjNTRlODQtZjEzNC00OTEzLThjMDMtYTU4Y2NjOTdhOTc4,2025-04-23T12:39:06.699203
1914901132279832577,NmNiYTAzNGEtMjFjNC00YzU1LTlkNWMtMzEwNzRiNmE4ZjM4,2025-04-23T12:39:06.856822
1914901132292415489,MTM0ZjQ5ZjYtMTQ5YS00YTA5LTg3MGItOTg4YTJlNzMyNmMx,2025-04-23T12:39:07.012989
1914901132300804098,OWUzY2RhNmEtZWIyZC00NGNmLWEzYjItNzk5YjRiMzIyMzJj,2025-04-23T12:39:07.168099
1914901132309192705,YWMwMmRmZTUtZGRlMy00OTBkLWJhMDUtOTlhNTkwMTZiY2U0,2025-04-23T12:39:07.327858
1914901132321775618,Y2I0ZDYwOWUtNzBkMi00NTAyLWEzNzktMGM0MzM1ZTJhNjA5,2025-04-23T12:39:07.490193
1914901132334358529,MDY3Nzg0ODMtNzM3MC00NDlkLWJlM2ItNmYyMWQ4NjViMDM0,2025-04-23T12:39:07.652899
1914901132342747138,MzkzNWJjMTgtODMxOC00ZWQ0LTkxOGItN2I1NmZmOGFkNjdi,2025-04-23T12:39:07.842743
1914901132355330050,NWIwYmVmODEtZmRjZi00NWNjLTljODQtNjdlZTg1NzM4MWIx,2025-04-23T12:39:08.009225
1914901132363718657,OTI3NGFmNDAtN2UwZC00NzBhLWJlYzQtNzM0MGM3MmMwMjI3,2025-04-23T12:39:08.162875
1914901132376301570,Y2MwYzIyY2UtNGU5OS00NDA1LWI4Y2QtM2FiMWE2MDEyNWQx,2025-04-23T12:39:08.317820
1914901132384690177,YWNiYmNiZmUtY2Y3NC00MGM1LTlmZDYtN2VkZDI1MzM4NWEz,2025-04-23T12:39:08.478221
1914901132397273089,ZDZhMmIwY2YtZTQ0Ni00ZDg1LTk3NDctYTBjYWE4ZjI5Yzdk,2025-04-23T12:39:08.637158
1914901132409856002,ZWEyNWU2ODEtMTUwYy00OGMzLWE3OTQtNTc3ZjkzMDgwZmI0,2025-04-23T12:39:08.790390
1914901132418244609,ODE1YzU5MGQtOTc2Ny00YjkwLWEyNDgtNTIyZjIwYjA1ZjQ1,2025-04-23T12:39:08.937189
1914901132426633218,ODYyYjk3NTUtNGFiZC00ZDNiLTg3NDYtOTUxMDEwYjE3Y2M1,2025-04-23T12:39:09.084451
1914901132439216130,MjM5NTMzYjMtZWFiZS00NzA5LTg4YzAtMTVmNmU2ZjQ5MTg3,2025-04-23T12:39:09.238066
1914901132447604738,MjkxYTg0NGEtOWFkMC00MjlkLWE2M2UtZTc0MGY5OTBiMTAy,2025-04-23T12:39:09.388246
1914901132460187650,MDBmNDZiOGYtZTA2MS00MDIyLTljNDUtYzc0NjFjZDFhZGQ2,2025-04-23T12:39:09.554528
1914901132468576257,MjY4ZDYwYjQtM2U0ZS00ZTFiLTg1YmEtOWQ5NWE5Y2NlM2Jl,2025-04-23T12:39:09.704918
1914901132476964865,ZjNiNzY2YzItN2E5ZC00ODc3LTg1MGItZThkNGQwMjVlY2Y0,2025-04-23T12:39:09.859535
1914901132485353474,NjQ2ODhmOGItNDVhZC00YWUzLTk4MmYtYmY1ZDcxYzViMTMz,2025-04-23T12:39:10.010970
1914901132493742081,OWY4NTIwM2EtZjkyNC00MzY5LTkyNzAtN2E3ZGEwOTJjYzRl,2025-04-23T12:39:10.162933
1914901132510519298,N2Y1ZmU1YjUtY2M4NS00MDNkLWE1MTAtODA0YWViMmQ5MzY0,2025-04-23T12:39:10.308492
1914901132523102210,OTEzNDIzODktZTgzZS00MTJjLWJkZTUtNWZmZDgzZGY3Y2E0,2025-04-23T12:39:10.455401
1914901132531490818,MGFmNDU2ZWYtMjVkOC00YWM3LTkyNTAtYmE2ZjY0MjRlNGIy,2025-04-23T12:39:10.604144
1914901132548268033,YTQyMWRhOWYtMWYzMi00NDE5LWEzOWEtY2VmYzNjMjQzODFj,2025-04-23T12:39:10.758405
1914901132556656642,N2IxYTMwYzAtMzMzMC00MjBmLTgwYTUtOTBlYWM3ODZmYmJk,2025-04-23T12:39:10.902290
1914901132577628162,YTkyM2Y5ZjUtOGM1My00OTc1LTk1YzctMzA1NmRiYTg4MTky,2025-04-23T12:39:11.053768
1914901132586016770,N2Q2MWJkZWUtNzFmZS00NzIxLThlM2MtZjljNGE4MzIzNjAw,2025-04-23T12:39:11.195668
1914901132602793985,YmI4OGI0MzQtYTlkNy00NmYxLWFlYzQtZWQ3MGRkZWNiMjU5,2025-04-23T12:39:11.344963
1914901132615376897,NmY3MTIzNzctZDc2Ni00MjIxLWE1M2UtOTg3ZGI1NGI4OWE5,2025-04-23T12:39:11.490033
1914901132627959810,NTQyZmY2ZmUtOGE3MC00NTAyLTgwZWEtYTgxYjM5NDRiMzI5,2025-04-23T12:39:11.633971
1914901132644737025,ODIxNTNlYmMtZmRmMC00NjhiLWIzM2ItZjhmYzllNjQ5Yzdl,2025-04-23T12:39:11.774451
1914901132653125633,OWZjMzA2ZTMtMDMwNy00MmE4LWIwMmUtNDkyZmY2MzZlNzNk,2025-04-23T12:39:11.920342
1914901132669902850,MzQwNzE5ODYtYzMxOS00NDcxLTg1MDctY2ZjYWYzOWQ3MGRl,2025-04-23T12:39:12.069560
1914901132678291458,YTBiMGRiMzEtYzU3Ni00MDgwLWExNzMtMjdjMDhjNWRkYzgz,2025-04-23T12:39:12.212302
1914901132690874369,ZDBiMmQwYTItZDM5Zi00ZDFmLWE1ZTItYTg0MTA3YmU1ODEx,2025-04-23T12:39:12.358586
1914901132703457281,YTUzMzIwYjktYjA1ZC00MDFjLTk5YjgtZmQwZGE0NjFlOGEz,2025-04-23T12:39:12.507517
1914901132716040193,ZTIwZTMwOGItMzA2Ni00MjNlLTkxZDktMDgzOTBjZDA1MWI2,2025-04-23T12:39:12.650118
1914901132724428802,ODE2NjdmZTYtNjAwZi00ZWE1LTgzZGEtMzgwNGVkMzkxNWU5,2025-04-23T12:39:12.801608
1914901132737011713,MDZjMTA4YjYtMDZhOS00YmIwLTg4YjItNWM0MjI0MWI1OTk1,2025-04-23T12:39:12.943219
1914901132745400322,Yzk3MjdiYzctMDc2NS00ZmY3LTg4Y2EtMjE3NDdiYjkxOTgx,2025-04-23T12:39:13.092647
1914901132757983234,ZTlmYWM5ZjMtYTM3Ni00NDNjLTgyZDktNjRhNjlhZjVjYTAx,2025-04-23T12:39:13.240570
1914901132770566145,NjJjMzAzNmYtYjZkMS00Njc0LTg4YzEtNWI3MGEyNTZjNDQ1,2025-04-23T12:39:13.391889
1914901132778954754,ZmIyNTU4M2QtMmZmNC00NjE3LWIwZGItM2JhYmMxYTU0YTUy,2025-04-23T12:39:13.540042
1914901132791537665,ODE2YWQ4ZmUtYTc0ZS00M2U0LWFhZDgtZWY4OGE5Mzk5ZGFh,2025-04-23T12:39:13.692133
1914901132804120577,YjE0MzQ2ZDItMGNkMC00ODdmLWFjMzAtODVkNWVmZmZlZjFi,2025-04-23T12:39:13.846622
1914901132812509185,NjBmMzE0MzgtNWViZi00YmZiLTgwOWItNWEwYWJmYzc5MDMy,2025-04-23T12:39:13.999996
1914901132825092098,MzlmYjJkMjAtMTJhMy00NDJjLWFhOGYtYmMxZTY0NjUzMzYy,2025-04-23T12:39:14.147463
1914901132837675010,YmYyMWQ4YTctMGU4My00MjkyLThhYjYtNjg2NzA0YTQ4NDJj,2025-04-23T12:39:14.296923
1914901132850257921,OWViYWI4NmYtZjBhYi00MDYyLWExYTItY2ZlY2Q1NDU1NDg2,2025-04-23T12:39:14.447914
1914901132862840833,NmY3MzY4OTctOTE5Mi00ZmRhLWJmZTUtZGFkNzc4MjA3YzZj,2025-04-23T12:39:14.599518
1914901132871229442,YjdmNTJkYzAtYWYyMS00ODY3LWE4ZGQtNWQ0ZjFjYjEyODU3,2025-04-23T12:39:14.753511
1914901132883812354,MDdlYmU1MzUtYzI0Yy00MTQ0LWE3YjAtY2EyOTdmZDYxY2Qy,2025-04-23T12:39:15.114709
1914901132896395265,NzE4ZDU4YTgtMDA4Mi00MTQ0LWE3YmUtYTQxNDkwZGU1NWU4,2025-04-23T12:39:15.298226
1914901132908978177,OTcwMjA0NzctMWRlZC00MDVkLWI3ZDctOGZjM2ZkZjVjNTFk,2025-04-23T12:39:15.517849
1914901132921561089,ZTA5ZGQzZWMtNDkzNi00YTVjLTgyMjQtMDgzYjczYjQ5MjM3,2025-04-23T12:39:15.671141
1914901132934144002,MDhjZDgzODYtMThmNS00NWYxLWFmYzktMGIyODQ0MDg2OWY1,2025-04-23T12:39:15.825569
1914901132950921218,OTJmYTc2MjEtYzAwOC00OWE5LTg4ZjAtMDA3N2EwMjQzNTQ5,2025-04-23T12:39:15.971843
1914901132967698433,NDQ1NTAzNjAtOWI3NS00OWRkLTg0YzEtZjkyMDc2ZjQ2ZWU4,2025-04-23T12:39:16.120271
1914901132980281345,MGU4MzMwMTktZjcyNi00ZDdkLWI2MWYtYTM0YTFkNmZhYmY3,2025-04-23T12:39:16.269226
1914901132992864257,NjViNzU0MDAtYjdlNy00NDE1LWE1OTAtMTM0Njc4Njk0MGE1,2025-04-23T12:39:16.493878
1914901133005447170,MjcwNmM0MGEtN2Q1ZS00MzdmLTgzOWUtMTc0ZDRiMmNiZmFj,2025-04-23T12:39:16.637459
1914901133018030081,YTRiOTMwZTktOWYyNC00ZWNmLWE2NjEtNjJjZjI3NGQ2Yzlm,2025-04-23T12:39:16.793592
1914901133030612994,ZDcxYWNmNGItZWE1Mi00YzJiLWI4YTgtMzFjZGE2OWI2MGYw,2025-04-23T12:39:16.945326
1914901133039001602,YjFhZDVhZGYtZjIzYS00ZmExLTlmNzUtMjZhYjVkYzUxNTA2,2025-04-23T12:39:17.088729
1914901133051584513,NDJkNzc2NjMtZWM1ZS00NmYwLWEzYmUtOTM5MGY1MTZmNTQ3,2025-04-23T12:39:17.241065
1914901133059973121,ZDFhYzhiM2ItZTNkYS00Yzc0LWFhNTUtZjRhNzJlOGEwNjkz,2025-04-23T12:39:17.392318
1914901133076750337,YWJmYzI4ODctODJmZi00ODZhLWFkYzgtZTg1NmMwOTA1ODE3,2025-04-23T12:39:17.537716
1914901133227745282,NjM1OWJlN2UtMjk3NS00MjY4LThiOTMtNjA4MGNmMDUwYTFh,2025-04-23T12:39:17.686783
1914901133240328193,ZTI5MzdlNjctY2Y5MC00ZWYxLTk5YWMtYmYzMTZiNDhmNjA2,2025-04-23T12:39:17.838661
1914901133257105409,MjZkZGE4NDItMjYwNS00NWNkLWE4NDgtMDdlNDE3MTEyMDZh,2025-04-23T12:39:17.994783
1914901133269688321,YjYwMTg3NWUtYWIzNy00OTkwLTkzZTUtZWI1MjUzMzE4MzY1,2025-04-23T12:39:18.147490
1914901133278076929,YWI0NzY3YjItMzFhNy00MjFjLTliZDQtYzNmYWFkNzM0MTRh,2025-04-23T12:39:18.294416
1914901133294854145,MTg4ZjAyODItYTMyMS00NTUwLWEyYTAtNTBiNmZiYWU1ZmYx,2025-04-23T12:39:18.438496
1914901133307437057,NzNhY2U0OTktMWM3ZC00MDNjLThkNzQtNDdjMWNjNzk0YmVm,2025-04-23T12:39:18.591338
1914901133320019970,MzNkMDQ4MDUtYjNhMy00MmQ4LWIxOTEtNWJkMTM2MTc2M2Jj,2025-04-23T12:39:18.736134
1914901133328408577,MzUzZjZlMjYtZmRhOS00ZjRiLTk3ZTYtMGM2MmE3YmJiZGQz,2025-04-23T12:39:18.888454
1914901133340991489,YWFlMzYzOGQtMDcxNS00MDAwLWE2MWMtYTQ1ZTA2M2EzMmMw,2025-04-23T12:39:19.040816
1914901133353574401,NDc5MDM0NTMtYjJiZC00ODAzLThkNTMtMjMyYWU5NmFmZDMx,2025-04-23T12:39:19.191686
1914901133361963010,MzM5ZmIxMWQtZDM2MC00NTg4LTg0ZTAtMTMxOTA0MDJhZWE5,2025-04-23T12:39:19.372404
1914901133370351617,ZTc3ODUyMDktNTBiZi00ZTI4LTlmM2MtMjU5OWMzZWI3MGYz,2025-04-23T12:39:19.525182
1914901133382934529,ZTc1MjBiNWItOGVjOS00ZTk0LTgzY2MtZjAzNTc4MjRjZGY3,2025-04-23T12:39:19.687546
1914901133395517441,Y2RjODdmM2QtNzVmMS00MGVhLTk5YjMtZmI4MDg5NGFhNWNk,2025-04-23T12:39:19.847526
1914901133408100353,ZjA5OTE1MDUtZTE1OS00ZjZmLWI4NGEtOTYzMGNhZGRmNWI2,2025-04-23T12:39:20.006518
1914901133420683265,MDQ2OTQ1NzMtOTJiYS00M2UwLWE3MWYtM2U3ZDY2ODc1MWJj,2025-04-23T12:39:20.164532
1914901133429071874,ODdmZWVhMmUtMTU0NC00Yzk3LTlmM2MtZTJkM2Y3OWVlYmJm,2025-04-23T12:39:20.328301
1914901133437460481,MGM0ZTU0MzQtNmY1MS00YWEyLTkxYTktNmIzN2I3ZDE1YTg3,2025-04-23T12:39:20.490599
1914901133454237697,MjdjZGQ2MmMtMWFmYS00Yzg3LTkyNjQtODZhZGQyNGVlNzYy,2025-04-23T12:39:20.651530
1914901133466820609,MzcxYjA5ZDYtOGVkMy00ZDVmLWFjNWMtMmZmM2IzYTEyMzA0,2025-04-23T12:39:20.811177
1914901133475209218,ZjZlNDFmMGYtM2MzYi00MzAzLTlkNWItZDNkZmNlMjM3MWE2,2025-04-23T12:39:20.957467
1914901133487792130,MjIxZWM1ODAtMmY0My00YWY0LTg1ZDItZTRiMzcyMmE2M2Vl,2025-04-23T12:39:21.117768
1914901133496180737,YTcxODgyNTItZTMyNC00Y2RiLTliNDctZGNmMGVkZTMyZWFi,2025-04-23T12:39:21.291027
1914901133508763649,ZjVlOGMyMWItYzg2Ni00MzgyLTg4OGItMDk2MzFhMDNkNThl,2025-04-23T12:39:21.446147
1914901133517152257,YjlhMmNiYjktMTYxOS00YzcxLWE3ZjUtNjZjMThiOTU2YTRi,2025-04-23T12:39:21.602843
1914901133529735169,ZjZhNTVmODItMjE1YS00ODYwLTk5ZTAtMWVkMTFmM2QxYWY2,2025-04-23T12:39:21.758938
